{"days30_165L": [0.0, 18.0, 0.0, 1.0], "maritalst_385M": [0.0, 5.0, 2.0, 1.0], "pmtscount_423L": [0.0, 49.0, 6.0, 1.0], "annuity_780A": [154.2, 75602.0, 3152.4001, 0.0], "annuitynextmonth_57A": [0.0, 65747.805, 0.0, 0.0], "avginstallast24m_3658937A": [0.2, 303980.0, 4059.0, 1.0], "avgoutstandbalancel6m_4187114A": [-38810.676, 866361.6, 22752.6, 1.0], "cntincpaycont9m_3716944L": [0.0, 318.0, 5.0, 1.0], "cntpmts24_3658933L": [0.0, 25.0, 10.0, 1.0], "credamount_770A": [2000.0, 400000.0, 35394.0, 0.0], "disbursedcredamount_1113A": [0.0, 400000.0, 31976.0, 0.0], "downpmt_116A": [0.0, 300000.0, 0.0, 0.0], "firstdatedue_489D": [-5328.0, 45.0, -1530.0, 1.0], "homephncnt_628L": [0.0, 13.0, 0.0, 0.0], "lastapprcredamount_781A": [0.0, 400000.0, 24818.4, 1.0], "lastrejectcredamount_222A": [0.0, 441399.22, 33461.0, 1.0], "lastrejectdate_50D": [-5259.0, 14.0, -436.0, 1.0], "maininc_215A": [0.0, 200000.0, 40000.0, 1.0], "maxannuity_159A": [0.0, 8240500.0, 10730.4025, 1.0], "maxdebt4_972A": [0.0, 607573.44, 32796.0, 1.0], "maxdpdinstldate_3546855D": [-5199.0, 13.0, -499.0, 1.0], "maxdpdinstlnum_3546846P": [0.0, 70.0, 7.0, 1.0], "maxinstallast24m_3658928A": [0.2, 534779.44, 6609.6, 1.0], "maxoutstandbalancel12m_4187113A": [-30652.104, 961511.44, 42283.8, 1.0], "mobilephncnt_593L": [0.0, 19.0, 1.0, 0.0], "monthsannuity_845L": [0.0, 164.0, 18.0, 1.0], "numcontrs3months_479L": [0.0, 27.0, 0.0, 0.0], "numnotactivated_1143L": [0.0, 4.0, 0.0, 0.0], "numpmtchanneldd_318L": [0.0, 4.0, 0.0, 0.0], "numrejects9m_859L": [0.0, 103.0, 0.0, 0.0], "opencred_647L": [0.0, 1.0, 0.0, 1.0], "pctinstlsallpaidearl3d_427L": [0.0, 12.0, 0.61765, 1.0], "pctinstlsallpaidlat10d_839L": [0.0, 1.0, 0.0, 1.0], "pctinstlsallpaidlate1d_3546856L": [0.0, 1.0, 0.08333, 1.0], "pctinstlsallpaidlate4d_3546849L": [0.0, 2.0, 0.01724, 1.0], "pctinstlsallpaidlate6d_3546844L": [0.0, 1.0, 0.0, 1.0], "pmtnum_254L": [3.0, 60.0, 12.0, 1.0], "posfpd10lastmonth_333P": [0.0, 1.0, 0.0, 1.0], "posfpd30lastmonth_3976960P": [0.0, 1.0, 0.0, 1.0], "posfstqpd30lastmonth_3976962P": [0.0, 1.0, 0.0, 1.0], "price_1097A": [0.0, 427000.0, 25020.0, 1.0], "applicationcnt_for_client": [0.0, 717.0, 2.0, 0.0], "applicationcnt_for_empl": [0.0, 238.0, 0.0, 0.0], "avg_days_past": [0.0, 4567.0, 0.0, 1.0], "num_active_creds": [0.0, 7.0, 0.0, 0.0], "maxdbddpd": [-437.0, 4714.0, 0.0, 1.0], "isbidproduct": [0.0, 1.0, 0.0, 0.0], "clients_cnt": [0.0, 1239.0, 0.0, 0.0], "clients_cnt_same_phone": [0.0, 190.0, 0.0, 0.0], "date_first_offer_campaign": [-4837.0, 14.0, -1148.0, 1.0], "max_num_unpaid_inst": [0.0, 92.0, 0.0, 1.0], "interestrate": [0.0, 0.45, 0.4005, 1.0], "num_early_paid_inst": [0.0, 615.0, 20.0, 1.0], "num_overdue_paid_inst": [0.0, 235.0, 2.0, 1.0], "annuity_853A": [0.0, 92030.0, 4833.0, 1.0], "credacc_actualbalance_314A": [-70909.414, 400000.0, 10660.0, 1.0], "credacc_credlmt_575A": [0.0, 400000.0, 0.0, 1.0], "credamount_590A": [0.0, 441399.22, 58030.701, 1.0], "downpmt_134A": [0.0, 275028.0, 0.0, 1.0], "isbidproduct_390L": [0.0, 1.0, 0.0, 1.0], "num_group1_tax": [0.0, 65.0, 5.0, 1.0], "dateofcredstart_181D": [-7084.0, 13.0, -518.0, 1.0], "dateofcredstart_739D": [-6374.0, 316.0, -202.0, 1.0], "dpdmax_139P": [0.0, 4331.0, 0.0, 1.0], "dpdmax_757P": [-1.0, 144000.0, 10.0, 1.0], "lastupdate_1112D": [-501.0, 14.0, 5.0, 1.0], "monthlyinstlamount_332A": [0.0, 4047079.8, 5364.007, 1.0], "monthlyinstlamount_674A": [0.0, 50274444.0, 6244.4349999999995, 1.0], "num_group1_cb_a_1": [0.0, 280.0, 9.0, 1.0], "numberofinstls_229L": [0.0, 488.0, 18.0, 1.0], "numberofoutstandinstls_520L": [0.0, 474.0, 0.0, 1.0], "numberofoverdueinstlmax_1039L": [0.0, 4812.0, 0.0, 1.0], "numberofoverdueinstlmax_1151L": [0.0, 160000.0, 13.0, 1.0], "numberofoverdueinstlmaxdat_148D": [0.0, 5408.0, 711.0, 1.0], "numberofoverdueinstlmaxdat_641D": [-4358.0, 14.0, -219.0, 1.0], "numberofoverdueinstls_725L": [0.0, 4812.0, 0.0, 1.0], "numberofoverdueinstls_834L": [0.0, 776.0, 0.0, 1.0], "overdueamountmax2date_1002D": [-5311.0, 12.0, -832.0, 1.0], "overdueamountmax2date_1142D": [-4594.0, 14.0, -243.0, 1.0], "periodicityofpmts_1102L": [1.0, 360.0, 30.0, 1.0], "periodicityofpmts_837L": [1.0, 360.0, 30.0, 1.0], "totaldebtoverduevalue_718A": [0.0, 433195.0, 0.0, 1.0], "max_overdueamount_closed": [0.0, 147928240.0, 3312.20005, 1.0], "max_overdueamount_active": [0.0, 23916062.0, 0.0, 1.0], "mainoccupationinc_384A": [0.0, 200000.0, 50000.0, 0.0], "num_group1_person_1": [0.0, 6.0, 0.0, 0.0], "personindex_1023L": [0.0, 4.0, 0.0, 0.0], "remitter_829L": [0.0, 0.0, 0.0, 1.0], "safeguarantyflag_411L": [0.0, 1.0, 1.0, 0.0], "contaddr_smempladdr": [0.0, 1.0, 0.0, 1.0], "persontype": [1.0, 5.0, 1.0, 0.0], "num_group2": [0.0, 6.0, 2.0, 1.0], "num_group1_person_2": [0.0, 3.0, 0.0, 1.0], "num_group2_person_2": [0.0, 14.0, 0.0, 1.0], "num_group1_cb_a_2": [0.0, 145.0, 2.0, 1.0], "num_group2_cb_a_2": [11.0, 35.0, 35.0, 1.0], "pmts_dpd_1073P": [0.0, 4331.0, 0.0, 1.0], "pmts_dpd_303P": [-1.0, 144000.0, 10.0, 1.0], "pmts_overdue_1140A": [0.0, 23891848.0, 0.0, 1.0], "pmts_overdue_1152A": [0.0, 147928240.0, 3010.6, 1.0], "age_years": [20.0, 76.0, 42.0, 0.0], "total_outstand_amount_closed_credit": [0.0, 366162.6, 0.0, 1.0], "numberofqueries_year": [0.0, 85.0, 5.0, 1.0], "days_90_120_180": [0.0, 52.0, 2.0, 1.0], "tax_amount_max": [0.0, 476843.4, 5092.4, 1.0], "record_response_days": [-5.0, 14.0, 14.0, 1.0], "last_unpaid_delinq_days_ago": [-5201.0, 13.0, -416.0, 1.0], "max_dpd_overdue": [0.0, 5238.0, 1.0, 1.0], "last_payment_days_ago": [-5141.0, 14.0, -15.0, 1.0], "last_activ_appr_days_ago": [-5308.0, 14.0, -285.0, 1.0], "prev_appl_days_ago": [-5229.0, 47.0, -191.0, 1.0], "min_days_before_or_past_due": [-1267.0, 4527.0, -17.0, 1.0], "debt_outstand_total": [0.0, 820761.6, 0.0, 0.0], "childnum": [0.0, 20.0, 1.0, 1.0], "employedfrom": [0.0, 20647.0, 2174.0, 1.0], "num_group1_applprev_2_min": [0.0, 19.0, 3.0, 1.0], "pmt_num_prev_appl": [3.0, 62.0, 24.0, 1.0], "credlmt_closed": [0.0, 29000000.0, 23600.0, 1.0], "credlmt_actv": [0.0, 1425000100.0, 26788.0, 1.0], "active_contract_end_date_days_ago": [-5281.0, 28439.0, 602.0, 1.0], "outstand_amount_debt_active": [0.0, 127519784.0, 52796.03, 1.0], "debt_overdue": [0.0, 26681114.0, 0.0, 1.0], "num_cred_active": [0.0, 15.0, 2.0, 1.0], "num_cred_closed": [0.0, 280.0, 5.0, 1.0], "num_instls_active": [0.0, 361.0, 24.0, 1.0], "num_outstand_pending_instls_active": [0.0, 300.0, 17.0, 1.0], "residual_amount_active": [0.0, 1906556.2, 10600.0, 1.0], "total_amount_closed_contracts": [0.0, 240916600.0, 77184.0, 1.0], "total_amount_active_contracts": [0.0, 139386000.0, 100000.0, 1.0], "interestrate_cb": [0.0, 227421.0, 45.0, 1.0], "education_max": [1.0, 6.0, 2.0, 0.0], "avg_days_before_or_past_due": [-1220.0, 4567.0, -3.0, 1.0], "installmentamount_active": [0.0, 41138710.0, 2285.70005, 1.0], "isdebitcard": [0.0, 1.0, 0.0, 1.0], "residualamount_closed": [0.0, 53555.54, 0.0, 1.0], "num_total_inst": [0.0, 398.0, 13.0, 0.0], "num_total_paid_inst": [0.0, 382.0, 21.0, 1.0], "cred_closure_date_days_ago": [-6203.0, 6562.0, -193.0, 1.0], "actualdpd": [0.0, 3676.0, 0.0, 1.0], "sellerplace_cnt": [0.0, 102.0, 1.0, 0.0]}