{"new_metrics": {"Gini stability": 0.550409461875288, "ROC_AUC": 0.8186634793473967, "F1 score": 0.1662015503875969, "Logloss": 0.44634908591726735, "Precision": 0.09446598519562918, "Recall": 0.6907216494845361, "Accuracy": 0.78488, "overfitting, %": 8.471580754080177}, "old_metrics": {"Gini stability": 0.550409461875288, "ROC_AUC": 0.8186634793473967, "F1 score": 0.1662015503875969, "Logloss": 0.44634908591726735, "Precision": 0.09446598519562918, "Recall": 0.6907216494845361, "Accuracy": 0.78488, "overfitting, %": 8.471580754080177}}